bridgeId,name,rmsStructureNumber,bancId,technicalObjectCode,region,state,lga,lgaBridgeId,roadRoute,routeNumber,assetOwner,maintenanceAuthority,heritageInventoryNumber,heritageClassification,condition,conditionRating,bridgeHealthIndex,postingStatus,structuralDeficiencyFlag,functionallyObsoleteFlag,structureType,material,designCode,moveable,spatialOrientation,bridgeUsage,totalLengthM,widthM,deckAreaM2,numberOfSpans,numberOfLanes,skewAngleDeg,clearanceHeightM,waterwayHorizontalClearanceM,loadRating,vehicularGrossWeightLimitT,nhvrRouteAssessed,nhvrRouteApprovalClass,pbsLevelApproved,gazetteRef,nhvrRef,freightRoute,overMassRoute,aadtVehicles,heavyVehiclePct,detourLengthKm,scourRisk,scourVulnerabilityRating,floodImpacted,floodImmunityARI,seismicZone,emergencyAccessRoute,climateVulnerabilityClass,footpathPresent,cyclewayPresent,postedSpeedLimitKmh,yearBuilt,designLife,yearLastMajorRehab,lastPrincipalInspDate,lastRoutineInspDate,inspectionFrequencyYrs,monitoringRequirement,asBuiltDrawingRef,bimDigitalTwinRef,currentReplacementCost,deferredMaintenanceValue,priorityRank,latitude,longitude,dataSource,sourceRefURL,bancURL,remarks,lastUpdated
Bridge ID,Bridge Name,RMS Structure Number,BANC ID,SAP PM Technical Object Code,Region,State / Territory,Local Government Area,LGA Bridge ID,Road Route Name,Route Number,Asset Owner Organisation,Maintenance Authority,Heritage Inventory Number,Heritage Classification (STATE/LOCAL/NATIONAL/NOT_LISTED),Condition Label (GOOD/FAIR/POOR etc),Condition Rating (1-10),Bridge Health Index (0-100),Posting Status (UNRESTRICTED/POSTED/CLOSED),Structurally Deficient (TRUE/FALSE),Functionally Obsolete (TRUE/FALSE),Structure Type (Beam/Box Girder/Arch etc),Primary Material (Concrete/Steel/Timber),Design Code (AS5100/T44/SM1600),Moveable Type (FIXED/BASCULE/SWING etc),Spatial Orientation (OVERBRIDGE/UNDERBRIDGE/GRADE_SEPARATION),Bridge Usage (VEHICULAR/PEDESTRIAN/RAIL etc),Total Length (m),Width (m),Deck Area (m2),Number of Spans,Number of Lanes,Skew Angle (degrees),Clearance Height (m),Waterway Horizontal Clearance (m),Load Rating (t),GVM Limit (t),NHVR Route Assessed (TRUE/FALSE),NHVR Route Approval Class,PBS Level Approved (GENERAL_ACCESS/PBS_LEVEL_1 etc),Gazette Reference,NHVR Reference URL or Number,Freight Route (TRUE/FALSE),Over Mass Route (TRUE/FALSE),AADT Total Vehicles (vehicles/day),Heavy Vehicle Percentage (%),Detour Length if Closed (km),Scour Risk (LOW/MEDIUM/HIGH/CRITICAL),Scour Vulnerability (LOW/MODERATE/HIGH/CRITICAL/NOT_APPLICABLE),Flood Impacted (TRUE/FALSE),Flood Immunity ARI (years),Seismic Zone,Emergency Access Route (TRUE/FALSE),Climate Vulnerability Class,Footpath Present (TRUE/FALSE),Cycleway Present (TRUE/FALSE),Posted Speed Limit (km/h),Year Built,Design Life (years),Year of Last Major Rehabilitation,Last Principal Inspection Date (YYYY-MM-DD),Last Routine Inspection Date (YYYY-MM-DD),Inspection Frequency (years),Monitoring Requirement Description,As-Built Drawing Reference,BIM / Digital Twin Reference,Current Replacement Cost ($AUD),Deferred Maintenance Value ($AUD),Network Priority Rank (integer),Latitude (decimal degrees),Longitude (decimal degrees),Data Source,Source Reference URL,BANC URL,Remarks / Notes,Last Updated (YYYY-MM-DD)
String(20),String(200),String(50),String(100),String(50),String(100),String(50),String(100),String(50),String(100),String(20),String(100),String(100),String(50),Enum,String(20),Integer 1-10,Decimal 0-100,Enum,Boolean,Boolean,String(100),String(100),String(100),Enum,Enum,Enum,Decimal,Decimal,Decimal,Integer,Integer,Decimal,Decimal,Decimal,Decimal,Decimal,Boolean,String(50),Enum,String(100),String(200),Boolean,Boolean,Integer,Decimal,Decimal,Enum,Enum,Boolean,Integer,String(20),Boolean,String(50),Boolean,Boolean,Integer,Integer,Integer,Integer,Date,Date,Integer,String(200),String(256),String(256),Decimal,Decimal,Integer,Decimal,Decimal,String(500),String(500),String(500),LargeString,Date
M,M,O,O,O,O,M,O,O,O,O,O,O,O,O,O,M,O,O,O,O,O,O,O,O,O,O,O,O,O,O,O,O,O,O,O,O,O,O,O,O,O,O,O,O,O,O,O,O,O,O,O,O,O,O,O,O,O,O,O,O,O,O,O,O,O,O,O,O,O,O,O,O,O,O
BRG-NSW-001,Gateway Bridge,RMS-00123,BANC-12345,PL-NSW-0001,Hunter,NSW,Maitland City Council,MCC-BR-001,New England Highway,B63,Transport for NSW,Hunter Bridges Region,,NOT_LISTED,GOOD,7,72.5,UNRESTRICTED,FALSE,FALSE,Box Girder,Concrete,AS5100,FIXED,OVERBRIDGE,VEHICULAR,45.2,9.8,442.0,3,2,5.0,5.2,18.0,160.0,160.0,TRUE,HIGHER_MASS_LIMITS,PBS_LEVEL_2,NSW-GOVT-GAZ-001,https://nhvr.gov.au/route/001,TRUE,FALSE,8500,12.5,25.0,LOW,LOW,FALSE,100,Zone 1,FALSE,Low,FALSE,FALSE,100,1985,100,2010,2022-03-15,2023-09-20,5,Annual scour inspection required,DWG-NSW-001-AsBuilt,,,350000,18000,45,-32.9281,151.7817,TfNSW Open Data,https://data.nsw.gov.au/bridge001,https://banc.org.au/12345,Carrying B-doubles on HML approved route,2024-06-01
,,,,,,,,,,,,,,,,,,,,,,,,,,,,,,,,,,,,,,,,,,,,,,,,,,,,,,,,,,,,,,,,,,,,,,,,,,,,,,,,,
,,,,,,,,,,,,,,,,,,,,,,,,,,,,,,,,,,,,,,,,,,,,,,,,,,,,,,,,,,,,,,,,,,,,,,,,,,,,,,,,,
,,,,,,,,,,,,,,,,,,,,,,,,,,,,,,,,,,,,,,,,,,,,,,,,,,,,,,,,,,,,,,,,,,,,,,,,,,,,,,,,,
,,,,,,,,,,,,,,,,,,,,,,,,,,,,,,,,,,,,,,,,,,,,,,,,,,,,,,,,,,,,,,,,,,,,,,,,,,,,,,,,,
,,,,,,,,,,,,,,,,,,,,,,,,,,,,,,,,,,,,,,,,,,,,,,,,,,,,,,,,,,,,,,,,,,,,,,,,,,,,,,,,,
,,,,,,,,,,,,,,,,,,,,,,,,,,,,,,,,,,,,,,,,,,,,,,,,,,,,,,,,,,,,,,,,,,,,,,,,,,,,,,,,,
,,,,,,,,,,,,,,,,,,,,,,,,,,,,,,,,,,,,,,,,,,,,,,,,,,,,,,,,,,,,,,,,,,,,,,,,,,,,,,,,,
,,,,,,,,,,,,,,,,,,,,,,,,,,,,,,,,,,,,,,,,,,,,,,,,,,,,,,,,,,,,,,,,,,,,,,,,,,,,,,,,,
,,,,,,,,,,,,,,,,,,,,,,,,,,,,,,,,,,,,,,,,,,,,,,,,,,,,,,,,,,,,,,,,,,,,,,,,,,,,,,,,,
,,,,,,,,,,,,,,,,,,,,,,,,,,,,,,,,,,,,,,,,,,,,,,,,,,,,,,,,,,,,,,,,,,,,,,,,,,,,,,,,,
